{
  "threshold": 1.1551164031893344e-05,
  "policy": "recall_target",
  "metrics_val": {
    "roc_auc": 0.92117021367049,
    "pr_auc": 0.6725142847029484
  },
  "metrics_test": {
    "roc_auc": 0.8834183100849767,
    "pr_auc": 0.6236460769240434
  },
  "cv_roc_auc_mean": 0.9103873055384982,
  "test_pr_auc_ci": [
    0.5536859510976516,
    0.6926663951584252
  ]
}